{
    "name": "asal400_ecommerce_userprofiles_source",
    "properties": {
        "linkedServiceName": {
            "referenceName": "asaworkspaceg3xbtcv-WorkspaceDefaultStorage",
            "type": "LinkedServiceReference"
        },
        "annotations": [],
        "type": "Json",
        "typeProperties": {
            "location": {
                "type": "AzureBlobFSLocation",
                "folderPath": "online-user-profiles-02",
                "fileSystem": "wwi-02"
            }
        },
        "schema": {
            "type": "object",
            "properties": {
                "visitorId": {
                    "type": "integer"
                },
                "topProductPurchases": {
                    "type": "array",
                    "items": {
                        "type": "object",
                        "properties": {
                            "productId": {
                                "type": "integer"
                            },
                            "itemsPurchasedLast12Months": {
                                "type": "integer"
                            }
                        }
                    }
                }
            }
        }
    },
    "type": "Microsoft.Synapse/workspaces/datasets"
}