{
    "name": "asal400_wwi_usertopproductpurchases_asa",
    "properties": {
        "linkedServiceName": {
            "referenceName": "sqlpool01",
            "type": "LinkedServiceReference"
        },
        "annotations": [],
        "type": "AzureSqlDWTable",
        "schema": [
            {
                "name": "UserId",
                "type": "int",
                "precision": 10
            },
            {
                "name": "ProductId",
                "type": "int",
                "precision": 10
            },
            {
                "name": "ItemsPurchasedLast12Months",
                "type": "int",
                "precision": 10
            },
            {
                "name": "IsTopProduct",
                "type": "bit"
            },
            {
                "name": "IsPreferredProduct",
                "type": "bit"
            }
        ],
        "typeProperties": {
            "schema": "wwi",
            "table": "UserTopProductPurchases"
        }
    },
    "type": "Microsoft.Synapse/workspaces/datasets"
}