{
    "name": "asal400_saleheap_asa",
    "properties": {
        "linkedServiceName": {
            "referenceName": "sqlpool01_import01",
            "type": "LinkedServiceReference"
        },
        "annotations": [],
        "type": "AzureSqlDWTable",
        "schema": [
            {
                "name": "TransactionId",
                "type": "uniqueidentifier"
            },
            {
                "name": "CustomerId",
                "type": "int",
                "precision": 10
            },
            {
                "name": "ProductId",
                "type": "smallint",
                "precision": 5
            },
            {
                "name": "Quantity",
                "type": "tinyint",
                "precision": 3
            },
            {
                "name": "Price",
                "type": "decimal",
                "precision": 9,
                "scale": 2
            },
            {
                "name": "TotalAmount",
                "type": "decimal",
                "precision": 9,
                "scale": 2
            },
            {
                "name": "TransactionDateId",
                "type": "int",
                "precision": 10
            },
            {
                "name": "ProfitAmount",
                "type": "decimal",
                "precision": 9,
                "scale": 2
            },
            {
                "name": "Hour",
                "type": "tinyint",
                "precision": 3
            },
            {
                "name": "Minute",
                "type": "tinyint",
                "precision": 3
            },
            {
                "name": "StoreId",
                "type": "smallint",
                "precision": 5
            }
        ],
        "typeProperties": {
            "schema": "wwi_perf",
            "table": "Sale_Heap"
        }
    },
    "type": "Microsoft.Synapse/workspaces/datasets"
}