{
    "name": "Write User Profile Data to ASA_demo",
    "properties": {
        "activities": [
            {
                "name": "write_user_profile_to_asa",
                "type": "ExecuteDataFlow",
                "dependsOn": [],
                "policy": {
                    "timeout": "0.12:00:00",
                    "retry": 0,
                    "retryIntervalInSeconds": 30,
                    "secureOutput": false,
                    "secureInput": false
                },
                "userProperties": [],
                "typeProperties": {
                    "dataflow": {
                        "referenceName": "write_user_profile_to_asa_demo",
                        "type": "DataFlowReference"
                    },
                    "staging": {
                        "linkedService": {
                            "referenceName": "asaworkspaceg3xbtcv-WorkspaceDefaultStorage",
                            "type": "LinkedServiceReference"
                        },
                        "folderPath": "staging/userprofiles"
                    },
                    "compute": {
                        "coreCount": 8,
                        "computeType": "General"
                    },
                    "traceLevel": "Fine"
                }
            }
        ],
        "annotations": [],
        "lastPublishTime": "2022-12-16T10:59:42Z"
    },
    "type": "Microsoft.Synapse/workspaces/pipelines"
}