{
    "now": "2023-01-23T07:49:21.024Z",
    "perfNow": 406334.5,
    "diagnosticCorrelation": "4a8e3aea-686d-419f-af4e-bd8844036173",
    "source": "DownloadSupportFiles",
    "environment": {
        "productName": "a365",
        "buildVersion": "23.0115.15",
        "environmentType": 9,
        "resourceName": "asaworkspaceg3xbtcv",
        "resourceRegion": "australiaeast",
        "resourceGroup": "data-engineering-synapse-g3xbtcv",
        "subscriptionId": "ab86fe1a-fb67-4bb1-a06b-5fc6d223eccd",
        "sessionId": "Gp73+",
        "operationId": "3JqrG",
        "gitType": "live",
        "loggingKey": false
    },
    "additionalInfo": {
        "selectedResource": "Web",
        "selectedResourceType": "pipeline"
    }
}